Domain,Unique Articles,Total Occurrences
thehill.com,5423,38594
www.cnn.com,4392,28844
www.foxnews.com,3817,35570
www.politico.com,2871,27749
www.washingtonpost.com,2600,19119
www.washingtonexaminer.com,2493,17428
nypost.com,1796,13359
www.nytimes.com,1712,17697
www.nbcnews.com,1585,8336
www.usatoday.com,1528,8659
www.cnbc.com,1348,7841
www.newsweek.com,1094,6699
www.breitbart.com,1018,8388
www.thedailybeast.com,944,6713
www.vox.com,934,9484
www.youtube.com,912,4308
abcnews.go.com,874,5530
www.cbsnews.com,856,7542
www.nationalreview.com,804,7044
slate.com,762,5171
theweek.com,752,5064
www.msnbc.com,721,5509
www.wsj.com,642,5227
www.bloomberg.com,638,2794
www.yahoo.com,593,2664
www.axios.com,583,3252
www.wmur.com,564,4010
www.businessinsider.com,561,3701
finance.yahoo.com,549,3218
www.theatlantic.com,534,5227
www.latimes.com,475,3827
www.apnews.com,442,2328
dailycaller.com,441,3561
www.aol.com,432,2003
www.desmoinesregister.com,428,4478
www.bostonglobe.com,428,3392
www.washingtontimes.com,415,2702
www.realclearpolitics.com,413,4354
www.nydailynews.com,411,3554
www.commondreams.org,405,2200
www.salon.com,401,2982
www.foxbusiness.com,384,2554
splinternews.com,376,1796
www.reuters.com,374,1690
www.huffpost.com,368,1776
www.marketwatch.com,322,1669
news.yahoo.com,318,2560
www.motherjones.com,307,1855
www.npr.org,286,2856
www.bostonherald.com,272,2138
www.rollingstone.com,270,2678
www.dallasnews.com,269,2491
freebeacon.com,267,3124
www.mediaite.com,261,2255
www.seattletimes.com,259,2349
deadline.com,257,1387
www.buzzfeednews.com,255,3173
www.vanityfair.com,255,1648
www.theroot.com,249,2135
www.forbes.com,248,1889
www.nj.com,245,2265
nymag.com,242,1576
fivethirtyeight.com,241,5187
reason.com,240,2223
www.huffingtonpost.com,240,874
www.newyorker.com,209,2256
www.sfchronicle.com,197,1787
www.sfgate.com,196,1035
www.newsmax.com,192,1570
www.boston.com,183,1468
mynorthwest.com,182,1636
townhall.com,182,1296
www.rollcall.com,179,1259
www.bbc.com,179,488
www.usnews.com,176,889
people.com,171,523
www.theguardian.com,167,1146
talkingpointsmemo.com,165,665
theslot.jezebel.com,162,1552
www.wbur.org,161,1358
www.politifact.com,159,1766
time.com,158,1167
komonews.com,158,985
www.startribune.com,154,1801
www.detroitnews.com,154,906
www.denverpost.com,151,2960
www.pbs.org,151,1331
www.esquire.com,148,945
apnews.com,144,1020
www.chicagotribune.com,138,923
www.texastribune.org,136,1802
www.cnsnews.com,134,1176
www.jpost.com,134,924
www.hollywoodreporter.com,129,757
www.snopes.com,123,669
www.thenation.com,122,785
www.mercurynews.com,121,728
www.staradvertiser.com,120,1285
www.vice.com,119,1138
www.southbendtribune.com,117,655
www.haaretz.com,115,600
www.masslive.com,114,711
whotv.com,113,954
www.sacbee.com,112,654
www.msn.com,111,562
www.postandcourier.com,107,816
www.thegazette.com,107,789
www.tmz.com,106,790
www.thestate.com,106,615
theintercept.com,105,1140
www.indystar.com,104,659
www.reviewjournal.com,104,518
www.upi.com,103,754
www.newser.com,101,611
thefederalist.com,100,1303
newrepublic.com,100,732
nbcmontana.com,100,710
newyork.cbslocal.com,98,906
www.cleveland.com,96,866
www.inquirer.com,95,1019
www.miamiherald.com,93,472
news3lv.com,92,580
www.coloradopolitics.com,91,995
www.newsday.com,90,441
patch.com,88,546
wsbt.com,87,324
pagesix.com,85,910
helenair.com,85,669
www.houstonchronicle.com,84,776
www.ny1.com,84,563
minnesota.cbslocal.com,83,721
www.thestranger.com,79,658
denver.cbslocal.com,79,583
www.statesman.com,79,451
www.greatfallstribune.com,78,637
www.cpr.org,77,1040
hotair.com,77,811
news.vice.com,77,402
www.vindy.com,76,209
politics.theonion.com,75,2007
forward.com,74,491
kdvr.com,71,932
fortune.com,71,605
www.inquisitr.com,70,578
thinkprogress.org,70,572
www.king5.com,70,480
q13fox.com,69,604
www.kcci.com,69,585
www.thecut.com,69,369
www.unionleader.com,68,338
vtdigger.org,68,264
nationalinterest.org,66,498
www.jacobinmag.com,66,394
heavy.com,66,309
www.post-gazette.com,66,303
www.thewrap.com,65,332
www.freep.com,64,461
www.spokesman.com,63,657
www.refinery29.com,62,354
abcnews4.com,62,343
www.oregonlive.com,62,292
www.kxan.com,62,243
www.wndu.com,62,242
www.civilbeat.org,61,619
chicago.suntimes.com,61,551
washingtonmonthly.com,61,366
www.marijuanamoment.net,60,638
www.ajc.com,60,367
www.jta.org,60,322
www.mlive.com,59,486
www.seattlepi.com,58,551
qz.com,58,315
www.salemnews.com,57,440
ktla.com,57,220
www.essence.com,56,500
www.theverge.com,55,494
www.governor.wa.gov,55,281
www.timesofisrael.com,55,258
www.wcax.com,55,248
www.theblaze.com,54,400
www.sltrib.com,54,226
www.baltimoresun.com,53,405
www.truthdig.com,53,244
www.hawaiinewsnow.com,52,456
www.mtpr.org,51,246
www.wcvb.com,51,236
www.mprnews.org,50,392
www.philly.com,50,157
gothamist.com,49,627
www.wfmj.com,49,396
insider.foxnews.com,49,242
edition.cnn.com,49,115
www.nhpr.org,48,471
www.press-citizen.com,48,337
billingsgazette.com,47,359
www.azcentral.com,47,356
www.twincities.com,46,351
www.advocate.com,45,423
www.chron.com,45,305
gizmodo.com,45,184
www.thedenverchannel.com,44,432
www.theringer.com,44,279
qctimes.com,44,279
www.wthr.com,44,225
variety.com,43,183
abc7news.com,43,121
www.expressnews.com,42,522
www.timesunion.com,42,392
www.concordmonitor.com,42,385
cbs2iowa.com,42,309
www.al.com,42,246
truthout.org,42,241
www.wkbn.com,41,431
www.insidernj.com,41,273
abc7.com,41,167
www.thenewstribune.com,40,410
www.cityandstateny.com,40,346
www.democracynow.org,40,332
www.mcclatchydc.com,40,284
www.elle.com,40,263
www.c-span.org,40,188
www.aljazeera.com,40,133
wtop.com,40,76
wcfcourier.com,39,214
news.avclub.com,39,205
www.sun-sentinel.com,39,204
www.nbcdfw.com,39,130
www.9news.com,38,280
www.amny.com,38,244
boston.cbslocal.com,38,224
coloradosun.com,37,493
gazette.com,37,259
markets.businessinsider.com,37,222
www.gq.com,37,192
kfoxtv.com,37,130
www.minnpost.com,36,645
www.fastcompany.com,36,414
www.rawstory.com,36,288
www.scmp.com,36,217
www.mediamatters.org,36,209
prospect.org,36,206
www.kcrg.com,36,185
www.nbcboston.com,36,130
www.wgbh.org,35,331
www.kiro7.com,35,324
www.dispatch.com,35,250
missoulian.com,35,230
abc7ny.com,35,217
floridapolitics.com,34,258
grist.org,33,460
www.ccn.com,33,385
www.theamericanconservative.com,33,334
www.sentinelsource.com,33,238
www.rgj.com,33,211
www.wral.com,33,140
www.necn.com,33,85
www.crainsnewyork.com,32,347
www.tampabay.com,32,186
wjla.com,32,183
www.star-telegram.com,32,180
mashable.com,32,158
www.courant.com,32,155
www.rt.com,31,327
thegrio.com,31,266
earther.gizmodo.com,31,263
katu.com,31,147
deadspin.com,31,130
boingboing.net,31,121
www.deseret.com,30,294
www.khq.com,30,236
www.fosters.com,30,123
abc13.com,30,78
www.mysanantonio.com,29,236
newjerseyglobe.com,29,215
news4sanantonio.com,29,210
www.factcheck.org,29,197
www.nbcnewyork.com,29,155
abc3340.com,29,140
www.10tv.com,29,114
www.dailywire.com,29,106
www.toledoblade.com,28,227
www.dailydot.com,28,217
www.billboard.com,28,139
www.independent.co.uk,28,125
bringmethenews.com,27,302
crooked.com,27,264
www.silive.com,27,222
www.barrons.com,27,189
www.northjersey.com,27,181
www.cincinnati.com,27,154
cbsaustin.com,27,128
www.delawareonline.com,27,105
www.ksat.com,26,298
kstp.com,26,189
www.commentarymagazine.com,26,175
www.duluthnewstribune.com,26,157
www.elpasotimes.com,26,118
www.pressherald.com,26,116
www.newsobserver.com,26,99
www.geekwire.com,25,179
www.gloucestertimes.com,25,139
www.bet.com,25,126
www.charlotteobserver.com,25,101
khqa.com,25,79
siouxlandnews.com,25,69
www.westword.com,24,467
www.jsonline.com,24,273
www.eagletribune.com,24,229
www.out.com,24,221
jacobinmag.com,24,221
thenevadaindependent.com,24,190
siouxcityjournal.com,24,157
www.pastemagazine.com,24,150
www.nbclosangeles.com,24,99
www.complex.com,24,92
www.ctpost.com,24,73
spectator.us,23,268
1010wins.radio.com,23,219
www.cfr.org,23,206
triblive.com,23,199
www.frontpagemag.com,23,193
www.greenvilleonline.com,23,179
www.aspentimes.com,23,161
www.wowt.com,23,158
www.cnet.com,23,156
www.seacoastonline.com,23,130
www.teenvogue.com,23,124
www.deseretnews.com,23,117
sanfrancisco.cbslocal.com,23,81
www.bizjournals.com,23,73
6abc.com,23,46
www.texasmonthly.com,22,348
religionnews.com,22,250
www.live5news.com,22,215
crosscut.com,22,195
www.economist.com,22,163
nj1015.com,22,137
sputniknews.com,22,109
www.lamag.com,22,93
www.clickondetroit.com,22,51
abc7chicago.com,22,40
www.courier-journal.com,21,251
www.kxly.com,21,236
www.alternet.org,21,151
abovethelaw.com,21,119
pix11.com,21,92
inthesetimes.com,21,81
www.phillyvoice.com,21,78
www.burlingtonfreepress.com,21,54
wlos.com,21,54
www.columbian.com,20,175
remezcla.com,20,115
www.ktvu.com,20,106
www.syracuse.com,20,93
www.ocregister.com,20,53
www.pennlive.com,20,46
www.townandcountrymag.com,19,473
nyc.streetsblog.org,19,428
www.wyff4.com,19,230
nowthisnews.com,19,192
www.dallasobserver.com,19,158
www.fox9.com,19,148
www.bustle.com,19,114
www.vulture.com,19,103
fox8.com,19,95
www.vnews.com,19,77
www.richmond.com,18,242
dailyiowan.com,18,218
www.kitv.com,18,181
hillreporter.com,18,173
www.gothamgazette.com,18,168
wpde.com,18,160
www.orlandosentinel.com,18,117
www.abc57.com,18,111
www.kron4.com,18,106
www.kare11.com,18,77
dfw.cbslocal.com,18,75
www.theweek.com,18,69
www.fresnobee.com,18,61
www.sandiegouniontribune.com,18,40
kutv.com,18,38
insideclimatenews.org,17,215
www.heraldnet.com,17,213
newsmaven.io,17,210
www.cosmopolitan.com,17,186
buffalonews.com,17,172
www.eater.com,17,143
www.heraldonline.com,17,140
techcrunch.com,17,125
www.tribtoday.com,17,124
www.ncronline.org,17,113
www.timesrepublican.com,17,108
www.ifiberone.com,17,103
arstechnica.com,17,98
kpax.com,17,95
www.fool.com,17,85
businessjournaldaily.com,17,84
www1.cbn.com,17,70
ew.com,17,68
www.kvia.com,17,56
www.mcall.com,17,51
fox59.com,17,48
wqad.com,17,39
www.ksl.com,17,37
www.kesq.com,17,20
www.coloradoindependent.com,16,185
www.miaminewtimes.com,16,160
www.kuow.org,16,133
www.irishtimes.com,16,122
www.conwaydailysun.com,16,114
www.fox4news.com,16,105
www.kcra.com,16,98
www.kulr8.com,16,90
www.kolotv.com,16,57
sports.yahoo.com,16,47
www.wataugademocrat.com,16,33
local12.com,16,25
mondoweiss.net,15,292
www.vogue.com,15,151
www.opensecrets.org,15,150
thetandd.com,15,148
www.ebony.com,15,122
www.foxla.com,15,104
www.kimt.com,15,101
www.washingtonblade.com,15,100
www.coloradoan.com,15,94
www.csmonitor.com,15,92
www.engadget.com,15,80
ktvo.com,15,72
www.independent.ie,15,59
bigislandnow.com,15,50
abc6onyourside.com,15,50
www.nbcbayarea.com,15,47
www.ktnv.com,15,40
13wham.com,15,31
www.channel3000.com,15,28
www.wdel.com,15,18
www.iowastatedaily.com,14,173
friendlyatheist.patheos.com,14,171
www.glamour.com,14,152
www.kgw.com,14,139
www.towleroad.com,14,130
www.insidesources.com,14,126
therivardreport.com,14,120
kwwl.com,14,95
www.grandforksherald.com,14,81
www.kqed.org,14,76
www.desertsun.com,14,74
kimatv.com,14,74
fox6now.com,14,68
morningconsult.com,14,57
www.courthousenews.com,14,47
www.nbcsandiego.com,14,41
www.propublica.org,14,36
www.peninsuladailynews.com,14,31
www.wivb.com,14,30
foreignpolicy.com,14,24
www.itemlive.com,13,250
thetakeout.com,13,191
www.citylab.com,13,186
mynews4.com,13,180
www.bostonmagazine.com,13,166
cleantechnica.com,13,151
www.nraila.org,13,147
bigthink.com,13,138
theoutline.com,13,123
psmag.com,13,123
ktvq.com,13,111
www.khon2.com,13,105
www.tri-cityherald.com,13,100
muscatinejournal.com,13,94
www.wksu.org,13,93
www.wired.com,13,84
www.militarytimes.com,13,77
www.krem.com,13,62
www.charlestoncitypaper.com,13,59
radio.foxnews.com,13,56
abc11.com,13,44
www.baynews9.com,13,24
wwmt.com,13,24
therealdeal.com,12,147
katv.com,12,145
krtv.com,12,137
cointelegraph.com,12,123
publicintegrity.org,12,122
taskandpurpose.com,12,120
wcbs880.radio.com,12,118
www.opb.org,12,112
www.bozemandailychronicle.com,12,110
lmtribune.com,12,97
www.wfaa.com,12,92
www.mynbc5.com,12,89
www.si.com,12,79
globegazette.com,12,78
www.abcfoxmontana.com,12,77
therealnews.com,12,74
www.caller.com,12,62
www.omaha.com,12,56
www.wibc.com,12,51
www.nola.com,12,46
pittsburgh.cbslocal.com,12,44
www.telegraphherald.com,12,43
www.news10.com,12,32
www.wfla.com,12,30
www.express.co.uk,12,24
ravallirepublic.com,12,20
www.wric.com,12,19
www.bigislandvideonews.com,11,184
www.military.com,11,126
www.islandpacket.com,11,115
rewire.news,11,114
www.app.com,11,97
www.thedartmouth.com,11,90
www.democratandchronicle.com,11,81
www.city-journal.org,11,75
www.lohud.com,11,74
www.krdo.com,11,64
www.wtae.com,11,62
www.spin.com,11,47
spectrumlocalnews.com,11,37
www.sevendaysvt.com,11,35
www.nbc4i.com,11,32
losangeles.cbslocal.com,11,32
wset.com,11,28
wgme.com,11,26
www.khou.com,11,24
newschannel9.com,11,22
www.wkyt.com,11,19
observer.com,11,17
www.france24.com,11,11
marketrealist.com,10,167
www.kmaland.com,10,137
www.christianpost.com,10,133
vegnews.com,10,133
www.tennessean.com,10,132
www.theolympian.com,10,113
www.newnownext.com,10,89
www.lifesitenews.com,10,82
keprtv.com,10,81
www.ledgertranscript.com,10,80
www.investors.com,10,79
www.statnews.com,10,76
www.sacurrent.com,10,71
www.koco.com,10,69
newstalk955.com,10,69
www.theonion.com,10,67
mobile.reuters.com,10,67
commonwealthmagazine.org,10,67
www.espn.com,10,66
www.ammoland.com,10,65
www.washingtonian.com,10,64
wamu.org,10,64
flatheadbeacon.com,10,62
saraacarter.com,10,61
lasvegassun.com,10,58
www.metrotimes.com,10,56
www.newburyportnews.com,10,55
www.gjsentinel.com,10,52
whdh.com,10,51
www.inforum.com,10,47
www.ktvz.com,10,46
www.theepochtimes.com,10,41
www.cjonline.com,10,40
www.chicagobusiness.com,10,38
mauinow.com,10,34
www.thestreet.com,10,28
www.wxyz.com,10,27
www.today.com,10,24
foxsanantonio.com,10,24
cbs6albany.com,10,24
bangordailynews.com,10,20
www.themarysue.com,9,158
www.citypages.com,9,148
readsludge.com,9,146
radio.wosu.org,9,122
www.boston25news.com,9,87
www.oprahmag.com,9,86
www.mtv.com,9,82
fox17online.com,9,79
www.ozy.com,9,78
www.ourquadcities.com,9,73
www.inc.com,9,73
www.fox5ny.com,9,73
www.chronline.com,9,72
ktul.com,9,72
www.summitdaily.com,9,68
www.ecowatch.com,9,66
www.theindychannel.com,9,64
www.algemeiner.com,9,61
consequenceofsound.net,9,57
kfgo.com,9,56
www.ktsm.com,9,55
upolitics.com,9,55
www.pressdemocrat.com,9,53
www.1380kcim.com,9,51
koaa.com,9,51
www.sfexaminer.com,9,49
fair.org,9,48
today.yougov.com,9,45
www.stltoday.com,9,42
www.lasvegasnow.com,9,40
www.fox10phoenix.com,9,39
cheddar.com,9,37
www.providencejournal.com,9,35
www.arkansasonline.com,9,35
www.ktsa.com,9,34
video.foxnews.com,9,34
www.nhregister.com,9,32
www.fairfieldsuntimes.com,9,32
durangoherald.com,9,30
www.cjr.org,9,27
www.11alive.com,9,25
www.local10.com,9,23
www.kniakrls.com,9,23
thebulwark.com,9,23
www.tulsaworld.com,9,20
kfor.com,9,20
www.10news.com,9,19
www.marieclaire.com,9,14
consortiumnews.com,8,268
www.wweek.com,8,140
www.mic.com,8,111
www.counterpunch.org,8,94
sfist.com,8,91
www.curbed.com,8,90
noqreport.com,8,83
calmatters.org,8,80
www.oudaily.com,8,79
electrek.co,8,79
www.ohio.com,8,78
madison.com,8,77
www.wrdw.com,8,75
poststar.com,8,71
mtstandard.com,8,70
www.blackenterprise.com,8,68
www.wnyc.org,8,63
www.abc15.com,8,61
www.nonpareilonline.com,8,60
bklyner.com,8,60
www.daytondailynews.com,8,59
www.kktv.com,8,57
theappeal.org,8,56
turnto10.com,8,52
missoulacurrent.com,8,50
www.theadvocate.com,8,49
www.amgreatness.com,8,48
www.fox5vegas.com,8,43
www.fitsnews.com,8,42
www.kansascity.com,8,41
www.wlwt.com,8,40
www.lifezette.com,8,38
www.kcrw.com,8,37
www.chalkbeat.org,8,37
www.insidehighered.com,8,36
www.politicspa.com,8,32
www.ktvn.com,8,32
www.dailysignal.com,8,31
www.wfae.org,8,30
ktar.com,8,30
theconcourse.deadspin.com,8,26
www.thedp.com,8,25
www.postindependent.com,8,23
www.nashuatelegraph.com,8,22
www.stamfordadvocate.com,8,21
newjersey.news12.com,8,20
www.brainerddispatch.com,8,17
www.kenoshanews.com,8,10
www.whio.com,8,9
khn.org,7,142
www.texasstandard.org,7,105
www.wsfa.com,7,99
kvia.com,7,76
www.sctimes.com,7,73
www.indiewire.com,7,68
emersonpolling.reportablenews.com,7,68
www.messengernews.net,7,67
www.kitsapsun.com,7,58
www.nbcrightnow.com,7,56
timesofsandiego.com,7,54
www.valleynewslive.com,7,50
www.israelnationalnews.com,7,45
oklahoman.com,7,45
tucson.com,7,44
ny.curbed.com,7,43
fox5sandiego.com,7,43
www.ketv.com,7,42
kgmi.com,7,42
valleycentral.com,7,41
www.wkrn.com,7,40
tdn.com,7,39
www.montgomeryadvertiser.com,7,38
myfox8.com,7,37
jezebel.com,7,37
futurism.com,7,35
wvmetronews.com,7,29
www.tabletmag.com,7,27
fox17.com,7,26
www.greenwichtime.com,7,25
fox2now.com,7,25
onenewsnow.com,7,24
timesofindia.indiatimes.com,7,23
idahonews.com,7,19
www.voanews.com,7,18
www.dukechronicle.com,7,18
www.wavy.com,7,16
www.independentmail.com,7,16
www.nbcphiladelphia.com,7,15
www.koin.com,7,15
wnyt.com,7,14
www.wspa.com,7,11
wcyb.com,7,8
krcrtv.com,7,7
www.jns.org,6,157
bethesdamagazine.com,6,146
www.ktvq.com,6,116
www.coindesk.com,6,90
wgnradio.com,6,90
www.newsy.com,6,82
www.kunc.org,6,82
www.wesa.fm,6,73
wwd.com,6,72
www.andovertownsman.com,6,71
www.abqjournal.com,6,63
profootballtalk.nbcsports.com,6,63
dailygazette.com,6,61
www.kut.org,6,54
www.iowapublicradio.org,6,52
www.patheos.com,6,47
venturebeat.com,6,46
www.texasobserver.org,6,45
www.stereogum.com,6,43
www.nbcsports.com,6,41
kbzk.com,6,41
www.wlky.com,6,40
lawandcrime.com,6,38
www.eastbayexpress.com,6,37
abcstlouis.com,6,35
www.woodtv.com,6,32
www.wgrz.com,6,32
www.3newsnow.com,6,32
www.amestrib.com,6,31
www.scnow.com,6,30
www.augustachronicle.com,6,28
www.wamc.org,6,27
www.news5cleveland.com,6,27
www.harpersbazaar.com,6,27
www.wsbtv.com,6,26
okcfox.com,6,24
www.pe.com,6,22
www.newsbusters.org,6,21
www.wftv.com,6,20
www.northcountrypublicradio.org,6,20
www.ktvb.com,6,19
www.syfy.com,6,18
chalkbeat.org,6,18
www.portlandmercury.com,6,15
www.weareiowa.com,6,14
wnep.com,6,14
www.click2houston.com,6,13
www.bainbridgereview.com,6,13
nbc25news.com,6,13
www.insideedition.com,6,11
www.localsyr.com,6,9
www.dailyinterlake.com,6,8
littlevillagemag.com,6,8
ijr.com,6,8
www.wsav.com,6,7
www.dailynews.com,6,7
wgxa.tv,6,7
cbs12.com,6,7
www.rferl.org,6,6
missionlocal.org,5,149
www.kpax.com,5,114
manchesterinklink.com,5,72
bitcoinist.com,5,69
www.greentechmedia.com,5,67
ktiv.com,5,66
citylimits.org,5,62
knsiradio.com,5,60
baltimore.cbslocal.com,5,55
www.entrepreneur.com,5,53
www.thetimes.co.uk,5,49
www.hawaiitribune-herald.com,5,49
www.prnewswire.com,5,48
www.adirondackdailyenterprise.com,5,48
pitchfork.com,5,45
adage.com,5,43
www.thehawkeye.com,5,41
www.argusleader.com,5,41
nwasianweekly.com,5,40
www.myrtlebeachonline.com,5,39
www.balls.ie,5,39
www.wjcl.com,5,38
blogs.edweek.org,5,38
www.roanoke.com,5,37
fox13now.com,5,36
www.kwch.com,5,35
www.abc12.com,5,32
thecity.nyc,5,32
www.conservativereview.com,5,31
www.nwnewsnetwork.org,5,29
www.wshu.org,5,28
www.thetelegraph.com,5,28
www.communitynewspapergroup.com,5,28
cnycentral.com,5,28
5newsonline.com,5,28
www.palmbeachpost.com,5,27
www.kvue.com,5,27
www.poynter.org,5,25
www.phillymag.com,5,25
www.kctv5.com,5,25
theglowup.theroot.com,5,25
the-journal.com,5,24
goodmenproject.com,5,24
www.wvxu.org,5,23
www.tmj4.com,5,23
www.kshb.com,5,23
www.jconline.com,5,23
www.idahostatesman.com,5,23
www.etonline.com,5,23
www.digitaltrends.com,5,23
nesn.com,5,23
www.churchmilitant.com,5,21
dailyvoice.com,5,21
www.adweek.com,5,20
capitalresearch.org,5,20
wgntv.com,5,19
unfspinnaker.com,5,19
amgreatness.com,5,19
www.michiganradio.org,5,18
www.indy100.com,5,18
longisland.news12.com,5,18
www.13abc.com,5,17
twitchy.com,5,17
amsterdamnews.com,5,17
uproxx.com,5,16
fox4kc.com,5,16
philadelphia.cbslocal.com,5,15
www.wbaltv.com,5,14
www.kansas.com,5,14
news.artnet.com,5,13
kesq.com,5,13
abc30.com,5,13
www.fox5atlanta.com,5,12
www.yourerie.com,5,11
www.telegraph.co.uk,5,11
www.stripes.com,5,11
www.sidneyherald.com,5,11
motherboard.vice.com,5,11
kmph.com,5,11
www.navytimes.com,5,9
www.wpxi.com,5,7
www.union-bulletin.com,5,7
www.abc27.com,5,7
wcti12.com,5,7
www.abc17news.com,5,6
wjactv.com,5,6
klewtv.com,5,6
basicincome.org,4,76
gen.medium.com,4,73
www.radioiowa.com,4,64
ktvh.com,4,63
www.mymcmedia.org,4,62
www.brooklynvegan.com,4,61
www.wdrb.com,4,56
www.whec.com,4,54
www.leafly.com,4,52
www.wlrn.org,4,51
www.breakingisraelnews.com,4,50
www.bellinghamherald.com,4,50
www.iptv.org,4,48
thesource.com,4,47
pagetwo.completecolorado.com,4,44
www.nwitimes.com,4,42
www.clintonherald.com,4,42
mmajunkie.usatoday.com,4,42
www.kbzk.com,4,41
www.wctv.tv,4,39
www.rochesterfirst.com,4,39
www.kgun9.com,4,38
www.recode.net,4,37
www.nevadacurrent.com,4,37
projects.fivethirtyeight.com,4,36
www.dailybulletin.com,4,35
www.antiwar.com,4,35
www.americamagazine.org,4,35
www.aspenpublicradio.org,4,34
freespeech.org,4,34
ctmirror.org,4,34
www.wilx.com,4,33
fox61.com,4,33
www.metro.us,4,32
www.getreligion.org,4,32
www.brookings.edu,4,31
www.mother.ly,4,29
www.koat.com,4,29
www.eenews.net,4,29
www.christianitytoday.com,4,29
www.catholicnewsagency.com,4,28
www.law.com,4,27
www.abcactionnews.com,4,27
wgem.com,4,27
source.wustl.edu,4,27
dbknews.com,4,27
yellowhammernews.com,4,26
wach.com,4,25
www.wfsb.com,4,24
www.the74million.org,4,24
www.newschannel5.com,4,24
www.knoxnews.com,4,24
www.defensenews.com,4,24
www.winonadailynews.com,4,23
www.tribuneledgernews.com,4,23
www.postbulletin.com,4,23
bronx.news12.com,4,23
www.tribuneindia.com,4,22
www.goupstate.com,4,22
www.insidenova.com,4,21
oilprice.com,4,21
www.vaildaily.com,4,20
www.greensboro.com,4,20
www.fairfieldcitizenonline.com,4,20
merionwest.com,4,20
jewishcurrents.org,4,20
www.wisconsingazette.com,4,19
www.wcpo.com,4,19
www.ksfy.com,4,19
www.goerie.com,4,19
whyy.org,4,19
saugus.wickedlocal.com,4,19
www.pasadenastarnews.com,4,17
www.hotnewhiphop.com,4,17
www.tallahassee.com,4,16
wtvr.com,4,16
wbng.com,4,16
kscj.com,4,16
oaklandnewsnow.com,4,15
ntknetwork.com,4,15
middleton.wickedlocal.com,4,15
ivn.us,4,15
fee.org,4,15
www.wkyc.com,4,14
www.ibj.com,4,14
www.clickorlando.com,4,14
www.blabbermouth.net,4,14
www.yourtango.com,4,13
www.reformer.com,4,13
www.newstimes.com,4,13
www.marylandmatters.org,4,13
www.clarionledger.com,4,13
thebiglead.com,4,13
www.yaktrinews.com,4,12
www.thefader.com,4,12
www.mynews13.com,4,11
www.ibtimes.com,4,11
www.firstthings.com,4,11
www.commercialappeal.com,4,11
www.capradio.org,4,11
qconline.com,4,11
www.dailycamera.com,4,10
www.wistv.com,4,9
www.powerlineblog.com,4,9
www.nbc12.com,4,9
www.idsnews.com,4,9
thegrapevine.theroot.com,4,9
progressive.org,4,9
www.turnto23.com,4,7
www.auburn-reporter.com,4,7
www.wpri.com,4,6
www.lmtonline.com,4,6
www.capitalpress.com,4,6
www.wvgazettemail.com,4,5
www.floridadaily.com,4,5
www.counton2.com,4,5
www.centralmaine.com,4,5
www.americanbanker.com,4,5
lifehacker.com,4,5
www.geek.com,4,4
www.chronicle.com,3,214
www.eonline.com,3,135
www.indianapolismonthly.com,3,111
www.wisn.com,3,69
www.4029tv.com,3,69
www.phillytrib.com,3,66
www.columbiaspectator.com,3,56
www.wmtw.com,3,52
yaledailynews.com,3,51
www.delish.com,3,50
www.cardplayer.com,3,48
www.tpr.org,3,46
www.kold.com,3,45
goingconcern.com,3,42
www.aikenstandard.com,3,41
usaherald.com,3,41
thenextweb.com,3,40
www.wtnh.com,3,39
www.usmagazine.com,3,38
www.kearneyhub.com,3,38
www.wvik.org,3,34
www.wdsu.com,3,34
www.sny.tv,3,34
sflcn.com,3,34
news.wbfo.org,3,34
nbc24.com,3,34
www.nny360.com,3,33
www.austinchronicle.com,3,33
hollywoodlife.com,3,29
beincrypto.com,3,29
www.citylandnyc.org,3,28
www.themonitor.com,3,26
www.newson6.com,3,26
www.cbs17.com,3,26
www.space.com,3,25
www.kwtx.com,3,25
awfulannouncing.com,3,25
www.laconiadailysun.com,3,24
www.kjrh.com,3,24
www.gzeromedia.com,3,24
www.charkoosta.com,3,23
tvline.com,3,23
njbiz.com,3,23
www.rasmussenreports.com,3,22
www.keloland.com,3,21
www.justsecurity.org,3,21
www.greeleytribune.com,3,21
www.campusreform.org,3,20
sf.eater.com,3,20
www.livekindly.co,3,19
kmmsam.com,3,19
chicago.cbslocal.com,3,19
www.lex18.com,3,18
www.insider.com,3,18
www.sunjournal.com,3,17
www.record-courier.com,3,17
www.nbcmiami.com,3,17
www.mdjonline.com,3,17
wbznewsradio.iheart.com,3,17
www.wlfi.com,3,16
www.vcstar.com,3,16
pjmedia.com,3,16
www.bradenton.com,3,15
knpr.org,3,15
commercialobserver.com,3,15
bluevirginia.us,3,15
71republic.com,3,15
www.wsls.com,3,14
www.pajiba.com,3,14
www.nbcconnecticut.com,3,14
www.kens5.com,3,14
www.fiercepharma.com,3,14
kttc.com,3,14
indepthnh.org,3,14
blogforiowa.com,3,14
www.thehour.com,3,13
www.fox13news.com,3,13
www.thegardenisland.com,3,12
www.smdp.com,3,12
www.eastbaytimes.com,3,12
www.wltx.com,3,11
www.princewilliamtimes.com,3,11
www.nbc29.com,3,11
www.mintpressnews.com,3,11
www.instyle.com,3,11
www.indexjournal.com,3,11
www.aspendailynews.com,3,11
verysmartbrothas.theroot.com,3,11
kcbsradio.radio.com,3,11
dcist.com,3,11
www.westsiderag.com,3,10
www.idahopress.com,3,10
www.hppr.org,3,10
news.ballotpedia.org,3,10
midhudsonnews.com,3,10
www.wwlp.com,3,9
www.wptv.com,3,9
www.lansingstatejournal.com,3,9
learningenglish.voanews.com,3,9
www.weau.com,3,8
www.swiowanewssource.com,3,8
www.good.is,3,8
www.fox16.com,3,8
wsvn.com,3,8
newbostonpost.com,3,8
lancasteronline.com,3,8
economictimes.indiatimes.com,3,8
www.wrvo.org,3,7
www.witn.com,3,7
www.waer.org,3,7
www.nashvillescene.com,3,7
www.breakingviews.com,3,7
www.americanthinker.com,3,7
thelocalne.ws,3,7
marblehead.wickedlocal.com,3,7
lasentinel.net,3,7
www.wesh.com,3,6
www.newspressnow.com,3,6
www.localnews8.com,3,6
www.keranews.org,3,6
www.heraldtribune.com,3,6
www.fox5dc.com,3,6
www.citizen-times.com,3,6
www.cdapress.com,3,6
www.wjbf.com,3,5
www.winknews.com,3,5
www.wane.com,3,5
www.kpbs.org,3,5
www.dailyherald.com,3,5
news.gallup.com,3,5
hannity.com,3,5
www.wuwm.com,3,4
www.wgal.com,3,4
www.recordonline.com,3,4
www.dailymail.co.uk,3,4
www.buzzfeed.com,3,4
politicalwire.com,3,4
ftw.usatoday.com,3,4
www.wbtw.com,3,3
www.sportingnews.com,3,3
www.pymnts.com,3,3
www.newstatesman.com,3,3
www.missoulacurrent.com,3,3
www.dw.com,3,3
www.chinookobserver.com,3,3
www.caledonianrecord.com,3,3
www.battlecreekenquirer.com,3,3
georgetown.wickedlocal.com,3,3
sprudge.com,2,122
www.hot97.com,2,86
www.hawaiipublicradio.org,2,57
www.gctelegram.com,2,56
www.al-monitor.com,2,48
www.wsws.org,2,46
www.weny.com,2,46
www.naacp.org,2,46
www.interviewmagazine.com,2,44
www.wacotrib.com,2,41
www.armytimes.com,2,41
thepolitic.org,2,41
www.nbc11news.com,2,40
www.kpq.com,2,40
www.fairmontsentinel.com,2,40
www.onegreenplanet.org,2,39
www.dailycal.org,2,39
news.northeastern.edu,2,39
ktoe.com,2,38
rocketswire.usatoday.com,2,37
www.wxxinews.org,2,36
www.graydc.com,2,36
www.cleveland19.com,2,34
alphanewsmn.com,2,34
jewishjournal.com,2,33
hbr.org,2,33
beverly.wickedlocal.com,2,32
sentinelcolorado.com,2,31
www.stanforddaily.com,2,30
cornellsun.com,2,30
www.wdbj7.com,2,29
www.readingeagle.com,2,29
www.ksbw.com,2,29
www.wwnytv.com,2,28
amp.usatoday.com,2,27
www.pri.org,2,26
www.brooklynpaper.com,2,26
thebulletin.org,2,26
news.harvard.edu,2,26
247sports.com,2,25
www.wapt.com,2,24
lobelog.com,2,24
expo.nj.com,2,24
www.thereflector.com,2,23
www.almasdarnews.com,2,23
pamplinmedia.com,2,23
ethereumworldnews.com,2,23
cryptoslate.com,2,23
www.crainsdetroit.com,2,22
www.oswegocountynewsnow.com,2,21
www.newtondailynews.com,2,21
www.ebar.com,2,21
www.dbknews.com,2,21
pitchbook.com,2,21
www.wrestlinginc.com,2,20
www.popularmechanics.com,2,20
whoradio.iheart.com,2,20
arktimes.com,2,20
www.wdio.com,2,19
www.niemanlab.org,2,19
www.govexec.com,2,19
www.cantonrep.com,2,19
msmagazine.com,2,19
www.wmbfnews.com,2,18
www.erienewsnow.com,2,18
www.biography.com,2,18
spectrumnews1.com,2,18
news.bloombergenvironment.com,2,18
www.yourtewksburytoday.com,2,17
www.ky3.com,2,17
www.israelhayom.com,2,17
video.vice.com,2,17
economics21.org,2,17
www.gainesvilleregister.com,2,16
www.wsaz.com,2,15
www.redding.com,2,15
www.koaa.com,2,15
www.azfamily.com,2,15
www.1011now.com,2,15
vineyardgazette.com,2,15
www.ncnewsonline.com,2,14
www.journalexpress.net,2,14
www.housingwire.com,2,14
www.governing.com,2,14
thisisreno.com,2,14
rssfeeds.usatoday.com,2,14
blockclubchicago.org,2,14
www.sj-r.com,2,13
fox40.com,2,13
cbs4local.com,2,13
capitalandmain.com,2,13
www.wtoc.com,2,12
www.phoenixnewtimes.com,2,12
www.oaoa.com,2,12
www.losangelesblade.com,2,12
www.keyt.com,2,12
www.christianheadlines.com,2,12
thriveglobal.com,2,12
foxbaltimore.com,2,12
972mag.com,2,12
www.thisisinsider.com,2,11
www.pressrepublican.com,2,11
www.gaystarnews.com,2,11
salem.wickedlocal.com,2,11
mustreadalaska.com,2,11
kdal610.com,2,11
jis.gov.jm,2,11
digital.vpr.net,2,11
www.wect.com,2,10
www.middleeastmonitor.com,2,10
www.ksro.com,2,10
www.kptv.com,2,10
www.inverse.com,2,10
www.6sqft.com,2,10
world.wng.org,2,10
thefulcrum.us,2,10
mb.ntd.com,2,10
ktvz.com,2,10
giantswire.usatoday.com,2,10
elkodaily.com,2,10
www.wnct.com,2,9
www.timesfreepress.com,2,9
www.statenews.org,2,9
www.southernminn.com,2,9
www.observertoday.com,2,9
www.normantranscript.com,2,9
www.news.iastate.edu,2,9
www.ktuu.com,2,9
www.goskagit.com,2,9
www.defenseone.com,2,9
www.capitalgazette.com,2,9
www.abc10.com,2,9
nhlabornews.com,2,9
keyt.com,2,9
io9.gizmodo.com,2,9
www.wonderwall.com,2,8
www.wnycstudios.org,2,8
www.scpr.org,2,8
www.oneidadispatch.com,2,8
www.newsindiatimes.com,2,8
www.indianagazette.com,2,8
www.foxcarolina.com,2,8
www.dailyrecordnews.com,2,8
www.chillicothegazette.com,2,8
www.charlestonchronicle.net,2,8
www.benzinga.com,2,8
twocents.lifehacker.com,2,8
news.stlpublicradio.org,2,8
news.bloomberglaw.com,2,8
loudwire.com,2,8
celebrityinsider.org,2,8
brooklyneagle.com,2,8
www.washingtoncitypaper.com,2,7
www.thepacker.com,2,7
www.springfieldnewssun.com,2,7
www.project-syndicate.org,2,7
www.penncapital-star.com,2,7
www.outsideonline.com,2,7
www.mycolumbiabasin.com,2,7
www.montrosepress.com,2,7
www.fox2detroit.com,2,7
www.elitedaily.com,2,7
www.berkeleyside.com,2,7
washingtoninformer.com,2,7
thezebra.org,2,7
pv-magazine-usa.com,2,7
newsok.com,2,7
harvardpolitics.com,2,7
connecticut.news12.com,2,7
civileats.com,2,7
cityandstateny.com,2,7
www.wtrf.com,2,6
www.thenewsherald.com,2,6
www.livescience.com,2,6
www.kwqc.com,2,6
www.kunr.org,2,6
www.kpvi.com,2,6
www.jhunewsletter.com,2,6
www.hrc.org,2,6
www.greenbaypressgazette.com,2,6
www.goodmorningamerica.com,2,6
www.fox29.com,2,6
www.civilized.life,2,6
weartv.com,2,6
ksby.com,2,6
kotaku.com,2,6
abc17news.com,2,6
www.wvtm13.com,2,5
www.philanthropy.com,2,5
www.mikebloomberg.com,2,5
www.meritalk.com,2,5
www.ksdk.com,2,5
www.kmov.com,2,5
www.keyc.com,2,5
www.houstonpublicmedia.org,2,5
www.hcn.org,2,5
www.ft.com,2,5
www.free-times.com,2,5
www.dailytarheel.com,2,5
www.btrtoday.com,2,5
www.bothell-reporter.com,2,5
seekingalpha.com,2,5
glenwoodguardian.com,2,5
dnews.com,2,5
www.yakimaherald.com,2,4
www.wctrib.com,2,4
www.wbap.com,2,4
www.thedailyworld.com,2,4
www.splicetoday.com,2,4
www.registerguard.com,2,4
www.radio.com,2,4
www.newsadvance.com,2,4
www.lgbtqnation.com,2,4
www.kark.com,2,4
www.kaaltv.com,2,4
www.govtech.com,2,4
www.dailyprogress.com,2,4
www.broadcastingcable.com,2,4
www.biospace.com,2,4
www.b100.com,2,4
www.27east.com,2,4
topsfield.wickedlocal.com,2,4
theathletic.com,2,4
rapidcityjournal.com,2,4
lareviewofbooks.org,2,4
kxlh.com,2,4
kval.com,2,4
fox11online.com,2,4
blogs.mprnews.org,2,4
appleinsider.com,2,4
abc7amarillo.com,2,4
abc.go.com,2,4
www.wsoctv.com,2,3
www.wnd.com,2,3
www.westernmassnews.com,2,3
www.wcnc.com,2,3
www.stormlakepilottribune.com,2,3
www.sequimgazette.com,2,3
www.niagara-gazette.com,2,3
www.newscentermaine.com,2,3
www.mmamania.com,2,3
www.lehighvalleylive.com,2,3
www.lawfareblog.com,2,3
www.kxlf.com,2,3
www.kivitv.com,2,3
www.kget.com,2,3
www.kentucky.com,2,3
www.kbtx.com,2,3
www.journalgazette.net,2,3
www.jambase.com,2,3
www.issaquahreporter.com,2,3
www.chicagomaroon.com,2,3
www.altpress.com,2,3
westchester.news12.com,2,3
theoutsidegame.com,2,3
northandover.wickedlocal.com,2,3
newstalkkgvo.com,2,3
kvoa.com,2,3
kticradio.com,2,3
gloucester.wickedlocal.com,2,3
cruxnow.com,2,3
boxford.wickedlocal.com,2,3
wydaily.com,2,2
www.zdnet.com,2,2
www.yourcentralvalley.com,2,2
www.wpbf.com,2,2
www.whsv.com,2,2
www.wehoville.com,2,2
www.wearecentralpa.com,2,2
www.wdtn.com,2,2
www.visaliatimesdelta.com,2,2
www.virginiamn.com,2,2
www.ttnews.com,2,2
www.thesunchronicle.com,2,2
www.the-review.com,2,2
www.smartcitiesdive.com,2,2
www.sgvtribune.com,2,2
www.sanluisobispo.com,2,2
www.qchron.com,2,2
www.nwaonline.com,2,2
www.nbcchicago.com,2,2
www.iwf.org,2,2
www.heraldextra.com,2,2
www.greenwichsentinel.com,2,2
www.fox23.com,2,2
www.fox19.com,2,2
www.fox13memphis.com,2,2
www.clevescene.com,2,2
www.cbs19news.com,2,2
www.berkshireeagle.com,2,2
www.beckershospitalreview.com,2,2
www.albanyherald.com,2,2
www.adn.com,2,2
wtkr.com,2,2
legalinsurrection.com,2,2
foxtrotalpha.jalopnik.com,2,2
foxreno.com,2,2
edsource.org,2,2
adequateman.deadspin.com,2,2
abc57.com,2,2
9to5mac.com,2,2
www.foreignaffairs.com,1,155
theconversation.com,1,105
www.capegazette.com,1,42
www.explorebigsky.com,1,41
www.thecoastnews.com,1,40
www.lionsroar.com,1,40
www.loudountimes.com,1,39
www.theglobalist.com,1,38
www.mmafighting.com,1,38
theberkshireedge.com,1,37
dailyknicks.com,1,36
www.inkstonenews.com,1,33
sojo.net,1,33
fortwaynesnbc.com,1,33
www.floridatoday.com,1,32
bowdoinorient.com,1,32
www.camera.org,1,31
www.theadvertiser.com,1,30
radiichina.com,1,30
www.thevillager.com,1,27
www.mitchellrepublic.com,1,27
www.abajournal.com,1,27
thegrayzone.com,1,27
methowvalleynews.com,1,27
fox42kptm.com,1,27
theundefeated.com,1,26
ogn.theonion.com,1,26
www.wpr.org,1,25
www.floridaphoenix.com,1,25
news.littlesis.org,1,25
www.wyomingnews.com,1,24
www.chroniclesmagazine.org,1,24
romesentinel.com,1,24
www.menshealth.com,1,22
www.bellingcat.com,1,22
americanindependent.com,1,22
www.nysun.com,1,21
www.independent.com,1,21
www.sharonherald.com,1,20
www.kyoutv.com,1,20
willamette.edu,1,20
onemileatatime.com,1,20
americanfreepress.net,1,20
www.thenewamerican.com,1,19
www.thehofstrachronicle.com,1,19
www.starherald.com,1,19
www.kazu.org,1,19
news.mit.edu,1,19
www.theleafchronicle.com,1,18
www.freightwaves.com,1,18
www.ctnewsjunkie.com,1,18
www.businessinsider.in,1,18
www.bakersfield.com,1,18
qns.com,1,18
napavalleyregister.com,1,18
hpherald.com,1,18
www.wabi.tv,1,17
krdo.com,1,17
arkvalleyvoice.com,1,17
www.wfxg.com,1,16
www.myarklamiss.com,1,16
red.msudenver.edu,1,16
la.eater.com,1,16
comicbook.com,1,16
www.dl-online.com,1,15
www.libertynation.com,1,14
www.kake.com,1,14
www.csindy.com,1,14
www.5280.com,1,14
modernfarmer.com,1,14
foxsportsradio.iheart.com,1,14
filtermag.org,1,14
federalnewsnetwork.com,1,14
www.sciencefriday.com,1,13
www.news12.com,1,13
www.knoe.com,1,13
www.hamilton.edu,1,13
www.colorlines.com,1,13
www.coloradopols.com,1,13
religionandpolitics.org,1,13
millennialpolitics.co,1,13
humanevents.com,1,13
easthamptonstar.com,1,13
allhiphop.com,1,13
www.wwaytv3.com,1,12
www.theladders.com,1,12
www.siouxlandproud.com,1,12
www.ozarksfirst.com,1,12
www.hometownsource.com,1,12
www.goodnewsnetwork.org,1,12
www.goal.com,1,12
www.energymanagertoday.com,1,12
ny.eater.com,1,12
news.co.cr,1,12
energynews.us,1,12
chiefexecutive.net,1,12
biologicaldiversity.org,1,12
azcapitoltimes.com,1,12
asbarez.com,1,12
apps.bostonglobe.com,1,12
957thegame.radio.com,1,12
www.wmcactionnews5.com,1,11
www.rockawave.com,1,11
www.registercitizen.com,1,11
www.multichannel.com,1,11
www.gosanangelo.com,1,11
www.casino.org,1,11
www.businesswire.com,1,11
wreg.com,1,11
whcuradio.com,1,11
power1051.iheart.com,1,11
pen.org,1,11
kilkennynow.ie,1,11
jerseydigs.com,1,11
blokt.com,1,11
blackpressusa.com,1,11
www.wsjm.com,1,10
www.politico.eu,1,10
www.palmbeachdailynews.com,1,10
www.onlinepokerreport.com,1,10
www.nevadabusiness.com,1,10
www.journalnow.com,1,10
www.greenfieldreporter.com,1,10
www.bdtonline.com,1,10
www.actionnetwork.com,1,10
www.abccolumbia.com,1,10
stpetecatalyst.com,1,10
kduz.com,1,10
coastalcourier.com,1,10
alamosanews.com,1,10
www.wnpr.org,1,9
www.wfmz.com,1,9
www.wate.com,1,9
www.monroenow.com,1,9
www.gaycitynews.nyc,1,9
www.gamesindustry.biz,1,9
www.episcopalnewsservice.org,1,9
www.dissentmagazine.org,1,9
www.care2.com,1,9
www.bicycling.com,1,9
tass.com,1,9
sf.curbed.com,1,9
now.tufts.edu,1,9
madamenoire.com,1,9
jewishweek.timesofisrael.com,1,9
indianewengland.com,1,9
coindoo.com,1,9
www.techspot.com,1,8
www.seattlemag.com,1,8
www.sanjoseinside.com,1,8
www.salina.com,1,8
www.pix11.com,1,8
www.peoplesworld.org,1,8
www.mandatory.com,1,8
www.cltampa.com,1,8
www.caribbeannationalweekly.com,1,8
www.beaumontenterprise.com,1,8
www.austin360.com,1,8
whowhatwhy.org,1,8
wesleyanargus.com,1,8
shadowproof.com,1,8
lakeplacidnews.com,1,8
kfyo.com,1,8
blog.norml.org,1,8
www.wxii12.com,1,7
www.railwayage.com,1,7
www.politicususa.com,1,7
www.nrtoday.com,1,7
www.news-press.com,1,7
www.nationalgeographic.com,1,7
www.nashvillepost.com,1,7
www.kxxv.com,1,7
www.grubstreet.com,1,7
www.easternecho.com,1,7
www.dcourier.com,1,7
www.dailycaller.com,1,7
williamsrecord.com,1,7
voicesofmontereybay.org,1,7
news.stthomas.edu,1,7
hamodia.com,1,7
fox43.com,1,7
cuindependent.com,1,7
astoriapost.com,1,7
www.wytv.com,1,6
www.wktv.com,1,6
www.timescitizen.com,1,6
www.thecrimson.com,1,6
www.netsdaily.com,1,6
www.metrowestdailynews.com,1,6
www.mediafiledc.com,1,6
www.kyma.com,1,6
www.kxlh.com,1,6
www.kwit.org,1,6
www.jamestownsun.com,1,6
www.indiawest.com,1,6
www.greenmatters.com,1,6
www.centredaily.com,1,6
www.browndailyherald.com,1,6
www.alligator.org,1,6
washington.cbslocal.com,1,6
verdict.justia.com,1,6
tylerpaper.com,1,6
themighty.com,1,6
theislandnow.com,1,6
reclaimthenet.org,1,6
pagosadailypost.com,1,6
outbreaknewstoday.com,1,6
mitsloan.mit.edu,1,6
middleburycampus.com,1,6
kdkaradio.radio.com,1,6
clutchpoints.com,1,6
capitolweekly.net,1,6
www.wtap.com,1,5
www.wsaw.com,1,5
www.wave3.com,1,5
www.uscannenbergmedia.com,1,5
www.therepublic.com,1,5
www.thefencepost.com,1,5
www.tauntongazette.com,1,5
www.smh.com.au,1,5
www.recoilweb.com,1,5
www.pressofatlanticcity.com,1,5
www.policeone.com,1,5
www.paulickreport.com,1,5
www.njspotlight.com,1,5
www.newtownbee.com,1,5
www.news-journal.com,1,5
www.mywabashvalley.com,1,5
www.mrt.com,1,5
www.mankatofreepress.com,1,5
www.kswo.com,1,5
www.kcur.org,1,5
www.hudsonvalley360.com,1,5
www.fox21news.com,1,5
www.fairobserver.com,1,5
www.elpasoinc.com,1,5
www.comicsands.com,1,5
www.cbs58.com,1,5
www.alreporter.com,1,5
tnhdigital.com,1,5
thedcline.org,1,5
statehornet.com,1,5
seattle.eater.com,1,5
newsroom.howard.edu,1,5
nationalcenter.org,1,5
kmox.radio.com,1,5
globalnews.ca,1,5
foreignpolicyi.org,1,5
eos.org,1,5
e360.yale.edu,1,5
documentedny.com,1,5
dailycollegian.com,1,5
yaleglobal.yale.edu,1,4
www2.philly.com,1,4
www.xxlmag.com,1,4
www.wpsdlocal6.com,1,4
www.wkbw.com,1,4
www.winchesterstar.com,1,4
www.wickedlocal.com,1,4
www.thegrowthop.com,1,4
www.silverscreenandroll.com,1,4
www.sentinelcolorado.com,1,4
www.scmagazine.com,1,4
www.realcleareducation.com,1,4
www.pcgamer.com,1,4
www.mysuncoast.com,1,4
www.marinecorpstimes.com,1,4
www.malibutimes.com,1,4
www.madinamerica.com,1,4
www.latinousa.org,1,4
www.kxl.com,1,4
www.ksby.com,1,4
www.krcu.org,1,4
www.jewishpress.com,1,4
www.jewishledger.com,1,4
www.informnny.com,1,4
www.holycitysinner.com,1,4
www.hivplusmag.com,1,4
www.gwinnettdailypost.com,1,4
www.guampdn.com,1,4
www.faithwire.com,1,4
www.desmogblog.com,1,4
www.dailytribune.com,1,4
www.dailyastorian.com,1,4
www.crainscleveland.com,1,4
www.consumeraffairs.com,1,4
www.coastmountainnews.com,1,4
www.blufftontoday.com,1,4
www.blackpressusa.com,1,4
www.austindailyherald.com,1,4
www.alaskapublic.org,1,4
www.49erswebzone.com,1,4
washingtonstatewire.com,1,4
unothegateway.com,1,4
therepublicanstandard.com,1,4
theaggie.org,1,4
statescoop.com,1,4
pilotonline.com,1,4
orlando-politics.com,1,4
northdallasgazette.com,1,4
moneyandmarkets.com,1,4
licpost.com,1,4
knowledge.wharton.upenn.edu,1,4
jg-tc.com,1,4
jewishinsider.com,1,4
islandeyenews.com,1,4
insurancenewsnet.com,1,4
hiphopwired.com,1,4
globenewswire.com,1,4
dealbreaker.com,1,4
dailyhodl.com,1,4
blogs.ei.columbia.edu,1,4
austin.eater.com,1,4
artvoice.com,1,4
425business.com,1,4
www.yourbasin.com,1,3
www.wtsp.com,1,3
www.wlsam.com,1,3
www.wlbt.com,1,3
www.wicz.com,1,3
www.washtimesherald.com,1,3
www.ucpublicaffairs.com,1,3
www.tspr.org,1,3
www.trust.org,1,3
www.theunion.com,1,3
www.theprospectordaily.com,1,3
www.theoaklandpress.com,1,3
www.thebipartisanpress.com,1,3
www.thebatavian.com,1,3
www.tamatoledonews.com,1,3
www.stlawu.edu,1,3
www.sbnation.com,1,3
www.rte.ie,1,3
www.recordnet.com,1,3
www.recorder.com,1,3
www.pvbuzz.com,1,3
www.post-journal.com,1,3
www.oskaloosa.com,1,3
www.opslens.com,1,3
www.omakchronicle.com,1,3
www.oann.com,1,3
www.nwfdailynews.com,1,3
www.nrn.com,1,3
www.newsrecord.org,1,3
www.news4jax.com,1,3
www.newpraguetimes.com,1,3
www.myjournalcourier.com,1,3
www.metalinjection.net,1,3
www.marinij.com,1,3
www.mariettatimes.com,1,3
www.lockportjournal.com,1,3
www.landonbuford.com,1,3
www.kykernel.com,1,3
www.krcc.org,1,3
www.kingscountypolitics.com,1,3
www.justjared.com,1,3
www.itemonline.com,1,3
www.intomore.com,1,3
www.insurancejournal.com,1,3
www.hometownlife.com,1,3
www.fox32chicago.com,1,3
www.flyergroup.com,1,3
www.edie.net,1,3
www.delgazette.com,1,3
www.davidson.edu,1,3
www.dariennewsonline.com,1,3
www.dailylocal.com,1,3
www.ctvnews.ca,1,3
www.craigdailypress.com,1,3
www.brusselstimes.com,1,3
www.brownsvilleherald.com,1,3
www.belgrade-news.com,1,3
www.beefmagazine.com,1,3
wtvbam.com,1,3
wtov9.com,1,3
wskg.org,1,3
wibx950.com,1,3
westfaironline.com,1,3
weather.com,1,3
wearyourvoicemag.com,1,3
thelibertarianrepublic.com,1,3
theitem.com,1,3
sanjosespotlight.com,1,3
prairiestatewire.com,1,3
poptopnews.com,1,3
pinerivertimes.com,1,3
nulltx.com,1,3
news.vanderbilt.edu,1,3
melrose.wickedlocal.com,1,3
kiss108.iheart.com,1,3
kdwn.com,1,3
independentaustralia.net,1,3
hamilton.wickedlocal.com,1,3
guestofaguest.com,1,3
goldentranscript.net,1,3
dailymemphian.com,1,3
dailybruin.com,1,3
brainerddispatch.com,1,3
armenianweekly.com,1,3
argonautnews.com,1,3
aldianews.com,1,3
411mania.com,1,3
www.wunc.org,1,2
www.wtmj.com,1,2
www.wbtv.com,1,2
www.washington.edu,1,2
www.vibe.com,1,2
www.utilitydive.com,1,2
www.timesrecord.com,1,2
www.theitem.com,1,2
www.thehoya.com,1,2
www.thedickinsonpress.com,1,2
www.telegram.com,1,2
www.technologyreview.com,1,2
www.taosnews.com,1,2
www.slashgear.com,1,2
www.rfdtv.com,1,2
www.rentonreporter.com,1,2
www.redmond-reporter.com,1,2
www.pineandlakes.com,1,2
www.orlandoweekly.com,1,2
www.nuvo.net,1,2
www.nola.gov,1,2
www.news-sentinel.com,1,2
www.ncregister.com,1,2
www.missourinet.com,1,2
www.mi-reporter.com,1,2
www.lifenews.com,1,2
www.laprogressive.com,1,2
www.lajuntatribunedemocrat.com,1,2
www.kyivpost.com,1,2
www.kwbu.org,1,2
www.ktvh.com,1,2
www.japantimes.co.jp,1,2
www.inlander.com,1,2
www.ideastream.org,1,2
www.houstonherald.com,1,2
www.heraldpalladium.com,1,2
www.heraldmailmedia.com,1,2
www.healthaffairs.org,1,2
www.grandrapidsmn.com,1,2
www.goshennews.com,1,2
www.fbherald.com,1,2
www.emporiagazette.com,1,2
www.delcotimes.com,1,2
www.dailyiowegian.com,1,2
www.creators.com,1,2
www.conservativedailynews.com,1,2
www.columbiamissourian.com,1,2
www.colorado.edu,1,2
www.choteauacantha.com,1,2
www.chickashanews.com,1,2
www.campaignsandelections.com,1,2
www.boisestatepublicradio.org,1,2
www.blavity.com,1,2
www.azmirror.com,1,2
www.arabnews.com,1,2
www.americasquarterly.org,1,2
www.americas1stfreedom.org,1,2
www.akronschools.com,1,2
www.airforcemag.com,1,2
www.accuweather.com,1,2
wilmington.wickedlocal.com,1,2
wdet.org,1,2
washingtonpost.com,1,2
usa.streetsblog.org,1,2
thesimpsonian.com,1,2
taxfoundation.org,1,2
swampscott.wickedlocal.com,1,2
starlocalmedia.com,1,2
sports.mynorthwest.com,1,2
sludgefeed.com,1,2
shorenewsnetwork.com,1,2
sandhillsexpress.com,1,2
sacramento.cbslocal.com,1,2
real-leaders.com,1,2
qcitymetro.com,1,2
promarket.org,1,2
projects.newsday.com,1,2
peninsulapress.com,1,2
paleofuture.gizmodo.com,1,2
nola.gov,1,2
news.wsu.edu,1,2
mirrorspectator.com,1,2
manchester.wickedlocal.com,1,2
larrybrownsports.com,1,2
landonbuford.com,1,2
kristv.com,1,2
kfiam640.iheart.com,1,2
iowastartingline.com,1,2
insidehealthpolicy.com,1,2
highlandsranchherald.net,1,2
groknation.com,1,2
granitegazette.com,1,2
grandforksherald.com,1,2
gcrmag.com,1,2
duclarion.com,1,2
cbs4indy.com,1,2
buffaloreflex.com,1,2
breakingdefense.com,1,2
blogs.scientificamerican.com,1,2
bitcoinmagazine.com,1,2
billypenn.com,1,2
bgr.com,1,2
ballparkdigest.com,1,2
b-townblog.com,1,2
alaskalandmine.com,1,2
xconomy.com,1,1
www.ynetnews.com,1,1
www.yang2020.com,1,1
www.wvlt.tv,1,1
www.wusa9.com,1,1
www.wtol.com,1,1
www.wowktv.com,1,1
www.wmfe.org,1,1
www.wmagazine.com,1,1
www.wkrg.com,1,1
www.wifr.com,1,1
www.wibw.com,1,1
www.wellandgood.com,1,1
www.wbrc.com,1,1
www.wboc.com,1,1
www.wbir.com,1,1
www.wbez.org,1,1
www.wbay.com,1,1
www.watchdog.org,1,1
www.washingtonbeerblog.com,1,1
www.waff.com,1,1
www.voiceofmuscatine.com,1,1
www.voicenews.com,1,1
www.victoriaadvocate.com,1,1
www.underthebutton.com,1,1
www.tomsguide.com,1,1
www.tiogapublishing.com,1,1
www.timessentinel.com,1,1
www.timesleader.com,1,1
www.timesherald.com,1,1
www.timescall.com,1,1
www.therecordherald.com,1,1
www.theprogressnews.com,1,1
www.theobjectivestandard.com,1,1
www.thenorthernlight.org,1,1
www.thenonprofittimes.com,1,1
www.thenewsstar.com,1,1
www.theledger.com,1,1
www.theeagle.com,1,1
www.thedailynewsonline.com,1,1
www.thecannabist.co,1,1
www.theblockcrypto.com,1,1
www.thebiglead.com,1,1
www.texomashomepage.com,1,1
www.texarkanagazette.com,1,1
www.tcpalm.com,1,1
www.sunherald.com,1,1
www.suncommunitynews.com,1,1
www.steamboatpilot.com,1,1
www.statesmanjournal.com,1,1
www.statepress.com,1,1
www.siliconvalley.com,1,1
www.shoshonenewspress.com,1,1
www.sentinelandenterprise.com,1,1
www.seattleweekly.com,1,1
www.sciencealert.com,1,1
www.sbsun.com,1,1
www.salamancapress.com,1,1
www.riverfronttimes.com,1,1
www.richmondregister.com,1,1
www.revealnews.org,1,1
www.restaurantbusinessonline.com,1,1
www.renewableenergymagazine.com,1,1
www.register-herald.com,1,1
www.redlandsdailyfacts.com,1,1
www.realclearenergy.org,1,1
www.queerty.com,1,1
www.purdue.edu,1,1
www.publicnewsservice.org,1,1
www.psychologytoday.com,1,1
www.popsci.com,1,1
www.polygon.com,1,1
www.philasun.com,1,1
www.petoskeynews.com,1,1
www.patriotledger.com,1,1
www.outsports.com,1,1
www.nybooks.com,1,1
www.nwestiowa.com,1,1
www.nujournal.com,1,1
www.njtvonline.org,1,1
www.njherald.com,1,1
www.newsrepublican.com,1,1
www.news8000.com,1,1
www.ncwlife.com,1,1
www.nbcwashington.com,1,1
www.naplesnews.com,1,1
www.mvtimes.com,1,1
www.muskogeephoenix.com,1,1
www.montanafreepress.org,1,1
www.modbee.com,1,1
www.militarynews.com,1,1
www.milforddailynews.com,1,1
www.middletownpress.com,1,1
www.metroweekly.com,1,1
www.medpagetoday.com,1,1
www.meadvilletribune.com,1,1
www.mcphersonsentinel.com,1,1
www.mauinews.com,1,1
www.macon.com,1,1
www.lowellsun.com,1,1
www.localdvm.com,1,1
www.libertyheadlines.com,1,1
www.ledger-enquirer.com,1,1
www.lareviewofbooks.org,1,1
www.kxro.com,1,1
www.kusi.com,1,1
www.ktep.org,1,1
www.ktbs.com,1,1
www.ksnt.com,1,1
www.kotatv.com,1,1
www.knbr.com,1,1
www.knau.org,1,1
www.kmvt.com,1,1
www.klif.com,1,1
www.kitco.com,1,1
www.kiplinger.com,1,1
www.kalonanews.com,1,1
www.jacksonprogress-argus.com,1,1
www.investopedia.com,1,1
www.insideindianabusiness.com,1,1
www.industryglobalnews24.com,1,1
www.independentnews.com,1,1
www.idahostatejournal.com,1,1
www.houstonpress.com,1,1
www.honolulumagazine.com,1,1
www.heraldnews.com,1,1
www.gulf-times.com,1,1
www.greenentrepreneur.com,1,1
www.greenbiz.com,1,1
www.gazettetimes.com,1,1
www.fox7austin.com,1,1
www.foodsafetynews.com,1,1
www.falloncountyextra.com,1,1
www.eurweb.com,1,1
www.elonnewsnetwork.com,1,1
www.educationdive.com,1,1
www.dmagazine.com,1,1
www.danspapers.com,1,1
www.dailyyonder.com,1,1
www.dailypress.com,1,1
www.dailybreeze.com,1,1
www.cyberscoop.com,1,1
www.cultofmac.com,1,1
www.columbiabasinherald.com,1,1
www.collegian.psu.edu,1,1
www.clevelandjewishnews.com,1,1
www.citynews1130.com,1,1
www.citybeat.com,1,1
www.cbssports.com,1,1
www.cbs7.com,1,1
www.cbs42.com,1,1
www.cato.org,1,1
www.capecodtimes.com,1,1
www.calcalistech.com,1,1
www.businessreport.com,1,1
www.businessgreen.com,1,1
www.bnd.com,1,1
www.arlnow.com,1,1
www.apr.org,1,1
www.americanprogress.org,1,1
www.aem.org,1,1
www.abc-7.com,1,1
www.953mnc.com,1,1
www.12news.com,1,1
wqow.com,1,1
wjon.com,1,1
winteriscoming.net,1,1
whnt.com,1,1
warontherocks.com,1,1
twincities.eater.com,1,1
tsl.news,1,1
toofab.com,1,1
therising.co,1,1
theblackwallsttimes.com,1,1
sportshandle.com,1,1
relix.com,1,1
punditarena.com,1,1
portlandtribune.com,1,1
phys.org,1,1
penntoday.upenn.edu,1,1
palmbeachpost.com,1,1
opinion.toledoblade.com,1,1
nextcity.org,1,1
newschannel20.com,1,1
news.wjct.org,1,1
newpittsburghcourieronline.com,1,1
netswire.usatoday.com,1,1
mynbc15.com,1,1
money.com,1,1
m.mysanantonio.com,1,1
local21news.com,1,1
liveforlivemusic.com,1,1
lebronwire.usatoday.com,1,1
kywnewsradio.radio.com,1,1
ktxs.com,1,1
kjzz.org,1,1
kdsm17.com,1,1
kcby.com,1,1
japantoday.com,1,1
itk.thehill.com,1,1
ipswich.wickedlocal.com,1,1
insiderlouisville.com,1,1
infosurhoy.com,1,1
indianexpress.com,1,1
indianapublicmedia.org,1,1
hyperallergic.com,1,1
hypebeast.com,1,1
huntnewsnu.com,1,1
hudsonvalley.news12.com,1,1
houston.eater.com,1,1
hoodline.com,1,1
hellogiggles.com,1,1
footwearnews.com,1,1
eastcountytoday.net,1,1
digiday.com,1,1
denverite.com,1,1
dentonrc.com,1,1
decider.com,1,1
danvers.wickedlocal.com,1,1
dailyorange.com,1,1
cnsnews.com,1,1
chicagocrusader.com,1,1
charlottenc.gov,1,1
business.financialpost.com,1,1
bossip.com,1,1
bleacherreport.com,1,1
blavity.com,1,1
billerica.wickedlocal.com,1,1
beyondchron.org,1,1
bakersfieldnow.com,1,1
associationsnow.com,1,1
akronschools.com,1,1
ahvalnews.com,1,1
1310kfka.com,1,1
